,x,y,z,qx,qy,qz,qw,type
0,14.9346199036,7.516544342,0,0,0,0.7719843984,0.6356415153,6
1,14.7311477661,8.5125646591,0,0,0,0.803493619,0.5953133702,6
2,14.4610948563,9.5579347611,0,0,0,0.7942101359,0.6076432467,6
3,14.1623306274,10.578209877,0,0,0,0.8021610975,0.5971076488,6
4,13.8032388687,11.6283149719,0,0,0,0.8088105917,0.5880692005,6
5,13.5299549103,12.6400690079,0,0,0,0.7818341851,0.6234864593,6
6,13.3435993195,13.6838579178,0,0,0,0.7627019286,0.6467501521,6
7,13.0840559006,14.7494707108,0,0,0,0.7964873314,0.6046552658,6
8,12.75989151,15.754281044,0,0,0,0.8143328428,0.5803982019,6
9,12.5015087128,16.7665328979,0,0,0,0.7661359906,0.6426784992,6
10,12.3771600723,17.8330574036,0,0,0,0.7148364782,0.6992916465,6
11,12.388874054,18.8942108154,0,0,0,0.6972017288,0.7168749571,6
12,12.4974031448,19.9021453857,0,0,0,0.6370981336,0.7707827091,6
13,12.7315616608,20.9234848022,0,0,0,0.5971608758,0.80212152,6
14,12.9932975769,21.9403934479,0,0,0,0.5970678926,0.802190721,6
15,13.3328332901,22.9038219452,0,0,0,0.5301522017,0.8479024768,6
16,13.8312730789,23.8136043549,0,0,0,0.4806262851,0.876925528,6
17,14.4252347946,24.6582164764,0,0,0,0.4204925597,0.9072960019,6
18,15.1672935486,25.4087715149,0,0,0,0.3675486445,0.9300042987,6
19,15.8688354492,26.1830120087,0,0,0,0.4126491547,0.9108900428,6
20,16.5754508972,26.9682159424,0,0,0,0.3684488237,0.9296480417,6
21,17.3034934998,27.7065067291,0,0,0,0.4137947857,0.9103701711,6
22,17.9366512299,28.5298519135,0,0,0,0.4117541313,0.9112949967,6
23,18.6324329376,29.2728042603,0,0,0,0.3621609807,0.9321155548,6
24,19.4366168976,29.9293937683,0,0,0,0.3313542008,0.9435064197,6
25,20.277305603,30.5708122253,0,0,0,0.3084377348,0.9512445331,6
26,21.1182842255,31.2366981506,0,0,0,0.3465108275,0.9380459785,6
27,21.9207630157,31.9136390686,0,0,0,0.3484783173,0.9373168349,6
28,22.7106323242,32.5646629333,0,0,0,0.3407255709,0.9401627779,6
29,23.4956359863,33.3055610657,0,0,0,0.3654425144,0.9308339357,6
30,24.2282524109,34.0867729187,0,0,0,0.3612576723,0.9324660301,6
31,25.0167751312,34.8099060059,0,0,0,0.3218469322,0.9467917085,6
32,25.819683075,35.4863204956,0,0,0,0.3205231726,0.9472406507,6
33,26.6389446259,36.1143569946,0,0,0,0.3196955025,0.9475203156,6
34,27.4226989746,36.7909088135,0,0,0,0.330989182,0.9436345696,6
35,28.3315467834,37.4025993347,0,0,0,0.3028104305,0.9530507922,6
36,29.1630249023,38.0325164795,0,0,0,0.3011222482,0.9535855651,6
37,29.9992027283,38.5967140198,0,0,0,0.2637260556,0.9645976424,6
38,30.9001865387,39.0877037048,0,0,0,0.232551232,0.9725841284,6
39,31.8161869049,39.5274200439,0,0,0,0.2286927253,0.9734986424,6
40,32.7774200439,39.9579696655,0,0,0,0.232173115,0.972674489,6
41,33.756565094,40.4101753235,0,0,0,0.2147561163,0.9766677022,6
42,34.830532074,40.4993553162,0,0,0,-0.0983952731,0.9951474071,6
43,35.8246231079,40.1442489624,0,0,0,-0.1876785606,0.9822304845,6
44,36.7903175354,39.6219825745,0,0,0,-0.2583753765,0.9660446048,6
45,37.6336517334,39.067035675,0,0,0,-0.3118306398,0.9501377344,6
46,38.4857788086,38.4451637268,0,0,0,-0.3148092031,0.949154973,6
47,39.2329597473,37.7610816956,0,0,0,-0.4111857712,0.9115515947,6
48,39.6925964355,36.8545379639,0,0,0,-0.5824403167,0.8128734827,6
49,40.0794181824,35.9138717651,0,0,0,-0.6019761562,0.7985140681,6
50,40.1997909546,34.8943443298,0,0,0,-0.7062287331,0.7079837322,6
51,40.2551231384,33.8202438354,0,0,0,-0.6751585007,0.7376726866,6
52,40.3821334839,32.7971115112,0,0,0,-0.6800481677,0.7331674695,6
53,40.3794746399,31.7853603363,0,0,0,-0.727204442,0.6864209175,6
54,40.3837356567,30.772644043,0,0,0,-0.7223501801,0.6915274858,6
55,40.341053009,29.737159729,0,0,0,-0.7083073258,0.7059042454,6
56,40.3578033447,28.6883811951,0,0,0,-0.710803628,0.7033904791,6
57,40.3853874207,27.664894104,0,0,0,-0.6951212287,0.7188925147,6
58,40.4398384094,26.6436214447,0,0,0,-0.7129926085,0.7011715174,6
59,40.3262901306,25.5972957611,0,0,0,-0.7682934403,0.6400977969,6
60,40.0671386719,24.5836658478,0,0,0,-0.799092412,0.60120821,6
61,39.7837333679,23.6023101807,0,0,0,-0.7833794951,0.6215437055,6
62,39.6148147583,22.6111183167,0,0,0,-0.7488984466,0.6626847982,6
63,39.4689788818,21.5841007233,0,0,0,-0.7507767677,0.6605560184,6
64,39.3283996582,20.5530204773,0,0,0,-0.7768016458,0.6297453046,6
65,39.1098823547,19.5744056702,0,0,0,-0.7784720063,0.627679348,6
66,38.8746185303,18.5913066864,0,0,0,-0.7815983295,0.6237820983,6
67,38.5949897766,17.603679657,0,0,0,-0.8220975995,0.5693466067,6
68,38.2398109436,16.6364440918,0,0,0,-0.8171832561,0.5763778687,6
69,37.935333252,15.6358947754,0,0,0,-0.7986984253,0.6017315388,6
70,37.6871604919,14.5742826462,0,0,0,-0.7884556055,0.6150916219,6
71,37.4969291687,13.5703039169,0,0,0,-0.7672583461,0.64133811,6
72,37.3688240051,12.4961194992,0,0,0,-0.7550711632,0.6556428671,6
73,37.2858581543,11.4568624496,0,0,0,-0.7701383233,0.6378769279,6
74,37.1035232544,10.3924951553,0,0,0,-0.7807149887,0.624887228,6
75,36.8837928772,9.4073934555,0,0,0,-0.7881664634,0.6154621243,6
76,36.6034812927,8.3819332123,0,0,0,-0.7932795286,0.6088576317,6
77,36.3198776245,7.3512883186,0,0,0,-0.7880427837,0.6156204939,6
78,36.1082077026,6.2712345123,0,0,0,-0.7487931848,0.6628037691,6
79,35.9660606384,5.186205864,0,0,0,-0.7708997726,0.6369564533,6
80,35.7119026184,4.1476421356,0,0,0,-0.777125299,0.6293459535,6
81,35.6054840088,3.0837728977,0,0,0,-0.7220056653,0.6918871403,6
82,35.622631073,2.0762526989,0,0,0,-0.708851397,0.7053578496,6
83,35.6525840759,1.0230848789,0,0,0,-0.7031810284,0.7110108733,6
84,35.6422080994,0.0175135173,0,0,0,-0.7271168232,0.6865137219,6
85,35.5417556763,-1.0774949789,0,0,0,-0.7485803962,0.6630440354,6
86,35.4231376648,-2.0790784359,0,0,0,-0.7547748089,0.6559839845,6
87,35.2623291016,-3.1632268429,0,0,0,-0.7624285221,0.647072494,6
88,35.0769920349,-4.249168396,0,0,0,-0.7689099908,0.6393570304,6
89,34.877407074,-5.2889261246,0,0,0,-0.7710004449,0.6368345618,6
90,34.6809806824,-6.3558859825,0,0,0,-0.7574729919,0.6528665423,6
91,34.5375328064,-7.3857264519,0,0,0,-0.7705560327,0.6373722553,6
92,34.2892837524,-8.359790802,0,0,0,-0.8118174076,0.5839113593,6
93,33.9441757202,-9.3761348724,0,0,0,-0.7894963622,0.6137552261,6
94,33.7724189758,-10.4371080399,0,0,0,-0.7711523771,0.6366506219,6
95,33.5608444214,-11.5086278915,0,0,0,-0.7634952068,0.6458134651,6
96,33.4993438721,-12.5172433853,0,0,0,-0.6971487999,0.7169264555,6
97,33.6128959656,-13.5561199188,0,0,0,-0.6607846022,0.7505756021,6
98,33.7146682739,-14.5604190826,0,0,0,-0.6932018399,0.7207434773,6
99,33.7179336548,-15.6309566498,0,0,0,-0.7244001627,0.6893796921,6
100,33.6357574463,-16.6991653442,0,0,0,-0.7372711897,0.6755968928,6
101,33.6704940796,-17.7640666962,0,0,0,-0.6752887368,0.7375534773,6
102,33.7673606873,-18.8119697571,0,0,0,-0.6905962229,0.7232405543,6
103,33.798160553,-19.8786125183,0,0,0,-0.6847987175,0.7287322879,6
104,33.8596420288,-20.9394054413,0,0,0,-0.7113615274,0.7028262615,6
105,33.7900466919,-21.9943275452,0,0,0,-0.7555627227,0.6550763249,6
106,33.5942077637,-23.0344963074,0,0,0,-0.7843186259,0.6203581691,6
107,33.4383811951,-24.1121730804,0,0,0,-0.7333066463,0.6798980236,6
108,33.3387107849,-25.1856117249,0,0,0,-0.73243469,0.6808372736,6
109,33.334148407,-26.2817821503,0,0,0,-0.7010909319,0.7130718827,6
110,33.3283233643,-27.3682403564,0,0,0,-0.7276890278,0.6859071851,6
111,33.2183532715,-28.4359111786,0,0,0,-0.7584763765,0.6517004967,6
112,33.1250495911,-29.482542038,0,0,0,-0.7289115787,0.6846078634,6
113,33.0796203613,-30.5016689301,0,0,0,-0.7190119028,0.6949977279,6
114,33.0507392883,-31.599779129,0,0,0,-0.7268935442,0.6867501736,6
115,32.9997024536,-32.6427459717,0,0,0,-0.7363241911,0.6766288877,6
116,32.938129425,-33.7248497009,0,0,0,-0.7445940375,0.6675175428,6
117,32.8303909302,-34.7198066711,0,0,0,-0.752773881,0.6582791805,6
118,32.6789512634,-35.8068275452,0,0,0,-0.7621465921,0.6474044919,6
119,32.5057945251,-36.8980979919,0,0,0,-0.7677102685,0.6407970786,6
120,32.3411598206,-37.8847885132,0,0,0,-0.7658789754,0.6429848075,6
121,32.1707077026,-38.9723701477,0,0,0,-0.753880024,0.6570121646,6
122,32.0388145447,-39.9713973999,0,0,0,-0.7443910241,0.6677439809,6
123,31.9418792725,-40.9782028198,0,0,0,-0.7338322401,0.6793307066,6
124,31.8689746857,-41.9865570068,0,0,0,-0.7343613505,0.6787586808,6
125,31.7642650604,-43.0639419556,0,0,0,-0.7510210276,0.6602783203,6
126,31.6034488678,-44.1531867981,0,0,0,-0.7666681409,0.6420435309,6
127,31.4092464447,-45.1345367432,0,0,0,-0.7775407434,0.6288325191,6
128,31.1944103241,-46.133846283,0,0,0,-0.7598617673,0.650084734,6
129,31.1286964417,-47.1400032043,0,0,0,-0.7293967605,0.6840909123,6
130,31.0602855682,-48.2158699036,0,0,0,-0.7065809369,0.7076322436,6
131,31.1535110474,-49.3140869141,0,0,0,-0.6731527448,0.7395035028,6
132,31.2479953766,-50.312210083,0,0,0,-0.6983924508,0.7157149911,6
133,31.2824764252,-51.3380241394,0,0,0,-0.6795091033,0.7336670756,6
134,31.3617687225,-52.3655319214,0,0,0,-0.6989613771,0.7151594162,6
135,31.3823051453,-53.4495735168,0,0,0,-0.7207917571,0.6931516528,6
136,31.3141765594,-54.5379371643,0,0,0,-0.742539525,0.6698022485,6
137,31.1909294128,-55.5580673218,0,0,0,-0.7588598728,0.6512539387,6
138,31.031671524,-56.6256408691,0,0,0,-0.7676758766,0.640838325,6
139,30.9000682831,-57.6328849792,0,0,0,-0.7254031897,0.688324213,6
140,30.9306793213,-58.6476707458,0,0,0,-0.6777638197,0.7352796793,6
141,31.0600204468,-59.6709480286,0,0,0,-0.6646549702,0.7471504211,6
142,31.1905612946,-60.7732276917,0,0,0,-0.6805336475,0.7327168584,6
143,31.2239437103,-61.8306121826,0,0,0,-0.7254698277,0.6882539392,6
144,31.1103000641,-62.9230918884,0,0,0,-0.7691400647,0.639080286,6
145,30.856716156,-63.9074516296,0,0,0,-0.8163276315,0.5775891542,6
146,30.4566860199,-64.8466262817,0,0,0,-0.8617870808,0.5072701573,6
147,29.8630905151,-65.7748947144,0,0,0,-0.8952976465,0.4454684258,6
148,29.1485748291,-66.6030960083,0,0,0,-0.915735662,0.4017812312,6
149,28.5078258514,-67.3819274902,0,0,0,-0.8906414509,0.4547062814,6
150,27.9414749146,-68.3084411621,0,0,0,-0.8709824681,0.4913141429,6
151,27.4269351959,-69.2760848999,0,0,0,-0.8438327909,0.5366061926,6
152,27.0217838287,-70.3139419556,0,0,0,-0.8205221891,0.5716147423,6
153,26.5799102783,-71.3219528198,0,0,0,-0.8571351171,0.515091598,6
154,26.0649337769,-72.2854690552,0,0,0,-0.8603035808,0.5097821355,6
155,25.5468463898,-73.2670669556,0,0,0,-0.8582680821,0.5132015944,6
156,25.0402374268,-74.2540969849,0,0,0,-0.851806283,0.5238569379,6
157,24.5506000519,-75.2385101318,0,0,0,-0.8609942198,0.5086147785,6
158,23.9748706818,-76.1757965088,0,0,0,-0.8861931562,0.4633159935,6
159,23.3984451294,-77.107749939,0,0,0,-0.8543638587,0.5196752548,6
160,22.9817314148,-78.0425033569,0,0,0,-0.8360720277,0.5486196876,6
161,22.5488128662,-78.9580688477,0,0,0,-0.8528135419,0.5222154856,6
162,22.1825351715,-79.8967437744,0,0,0,-0.8270603418,0.5621131063,6
163,21.7149848938,-80.8770523071,0,0,0,-0.8691724539,0.4945090711,6
164,21.170923233,-81.8041305542,0,0,0,-0.8545500636,0.5193690062,6
165,20.7251567841,-82.7883834839,0,0,0,-0.8322769403,0.5543600917,6
166,20.3671779633,-83.7615814209,0,0,0,-0.8136671185,0.5813311338,6
167,20.0155277252,-84.7009658813,0,0,0,-0.8469310999,0.5317026377,6
168,19.5010356903,-85.6675109863,0,0,0,-0.8473619819,0.5310156941,6
169,19.087896347,-86.6638412476,0,0,0,-0.8295743465,0.5583962798,6
170,18.7062129974,-87.6896972656,0,0,0,-0.8322979212,0.5543286204,6
171,18.2945842743,-88.7071304321,0,0,0,-0.839535296,0.5433051586,6
172,17.8937625885,-89.6406707764,0,0,0,-0.8483731151,0.5293987393,6
173,17.4686431885,-90.5648040771,0,0,0,-0.8550217748,0.5185921192,6
174,17.0140209198,-91.4725646973,0,0,0,-0.8617092967,0.5074023008,6
175,16.5440864563,-92.3661270142,0,0,0,-0.8674343824,0.4975515604,6
176,16.0461177826,-93.237159729,0,0,0,-0.8807063699,0.4736626148,6
177,15.4382572174,-94.16065979,0,0,0,-0.8815403581,0.4721086919,6
178,14.8818721771,-95.0266723633,0,0,0,-0.8797101974,0.4755102098,6
179,14.3420763016,-95.8932952881,0,0,0,-0.8756160736,0.4830077291,6
180,13.7798433304,-96.8318252563,0,0,0,-0.8727827668,0.4881088436,6
181,13.2578029633,-97.7261657715,0,0,0,-0.8677561283,0.4969902635,6
182,12.771903038,-98.6007156372,0,0,0,-0.8603923321,0.5096322894,6
183,12.3096818924,-99.5311660767,0,0,0,-0.8509931564,0.5251767635,6
184,11.8614377975,-100.465385437,0,0,0,-0.8463581204,0.5326142311,6
185,11.4436511993,-101.386947632,0,0,0,-0.8405984044,0.5416588783,6
186,11.0318365097,-102.344299316,0,0,0,-0.8453223705,0.5342565775,6
187,10.546836853,-103.284873962,0,0,0,-0.8748554587,0.4843840301,6
188,10.0172023773,-104.19467926,0,0,0,-0.8521242142,0.5233395696,6
189,9.6446046829,-105.249488831,0,0,0,-0.7918806672,0.6106758714,6
190,9.4751968384,-106.278015137,0,0,0,-0.7470383048,0.6647809744,6
191,9.3687391281,-107.351951599,0,0,0,-0.7562948465,0.6542308927,6
192,9.3241043091,-108.454559326,0,0,0,-0.7198230028,0.69415766,6
193,9.2287445068,-109.459472656,0,0,0,-0.7547274232,0.6560385227,6
194,9.1028223038,-110.566307068,0,0,0,-0.7387189269,0.6740136147,6
195,8.9936513901,-111.587036133,0,0,0,-0.7327542901,0.6804932952,6
196,8.9136285782,-112.64214325,0,0,0,-0.7394850254,0.6731730103,6
197,8.8584833145,-113.653999329,0,0,0,-0.6976029277,0.7164846063,6
198,8.9032077789,-114.670539856,0,0,0,-0.7097124457,0.7044914961,6
199,8.87383461,-115.730621338,0,0,0,-0.6942571402,0.7197270989,6
200,8.9072113037,-116.82447052,0,0,0,-0.7217003703,0.6922056079,6
201,8.8160505295,-117.926544189,0,0,0,-0.7559901476,0.6545829773,6
202,8.646941185,-118.97039032,0,0,0,-0.7531251907,0.6578772664,6
203,8.5980386734,-120.03981781,0,0,0,-0.7152350545,0.6988840103,6
204,8.5543584824,-121.051055908,0,0,0,-0.7340567708,0.6790881157,6
205,8.4869041443,-122.122383118,0,0,0,-0.7151815295,0.6989387274,6
206,8.5056800842,-123.151733398,0,0,0,-0.6978011727,0.7162914872,6
207,8.516699791,-124.162635803,0,0,0,-0.7320408225,0.6812607646,6
208,8.4098873138,-125.219390869,0,0,0,-0.7464875579,0.6653993726,6
209,8.3696651459,-126.312141418,0,0,0,-0.7305990458,0.6828067303,6
210,8.3527755737,-127.354347229,0,0,0,-0.7134391665,0.7007171512,6
211,8.3362159729,-128.365386963,0,0,0,-0.7246003747,0.6891692877,6
212,8.2761554718,-129.458648682,0,0,0,-0.7304319143,0.6829854846,6
213,8.2978839874,-130.526397705,0,0,0,-0.6976410747,0.716447413,6
214,8.364279747,-131.611663818,0,0,0,-0.6822810173,0.7310900092,6
215,8.4965715408,-132.605194092,0,0,0,-0.6689144969,0.7433393598,6
216,8.5684652329,-133.672683716,0,0,0,-0.7187757492,0.6952419877,6
217,8.5227041245,-134.747085571,0,0,0,-0.7268627882,0.6867827177,6
218,8.53723526,-135.767715454,0,0,0,-0.6961455941,0.7179006338,6
219,8.5657091141,-136.779922485,0,0,0,-0.7123170495,0.7018578053,6
220,8.556804657,-137.788528442,0,0,0,-0.7264224887,0.6872483492,6
221,8.503903389,-138.891708374,0,0,0,-0.7396065593,0.6730394363,6
222,8.3919734955,-139.932876587,0,0,0,-0.7535082698,0.6574383974,6
223,8.228931427,-140.938735962,0,0,0,-0.772341907,0.635207057,6
224,8.0168228149,-142.000350952,0,0,0,-0.7843276858,0.620346725,6
225,7.7480316162,-143.025100708,0,0,0,-0.7999538779,0.6000615358,6
226,7.4639544487,-143.998001099,0,0,0,-0.8156861067,0.5784947276,6
227,7.0289826393,-144.981201172,0,0,0,-0.8825702667,0.4701805711,6
228,6.3164258003,-145.82774353,0,0,0,-0.9205934405,0.3905223608,6
229,5.5501718521,-146.60055542,0,0,0,-0.9404577613,0.3399105072,6
230,4.699760437,-147.250823975,0,0,0,-0.9590144753,0.2833570242,6
231,3.7999846935,-147.74331665,0,0,0,-0.9782000184,0.207664907,6
232,2.7770383358,-148.072341919,0,0,0,-0.993925631,0.1100538746,6
233,1.784935236,-148.234054565,0,0,0,-0.9988751411,0.0474184044,6
234,0.6944388151,-148.302246094,0,0,0,-0.9999996424,0.0008241692,6
235,-0.3094026744,-148.277938843,0,0,0,0.9990097284,0.0444919318,6
236,-1.3866502047,-148.185821533,0,0,0,0.9982689619,0.0588135421,6
237,-2.4629299641,-148.061340332,0,0,0,0.9989237785,0.0463813543,6
238,-3.4712336063,-148.024459839,0,0,0,0.9999452829,0.0104602613,6
239,-4.571665287,-148.048553467,0,0,0,-0.9997730255,0.0213056933,6
240,-5.6026792526,-148.088821411,0,0,0,0.9998627305,0.0165689308,6
241,-6.7100658417,-148.015335083,0,0,0,0.9979476929,0.0640346855,6
242,-7.8030552864,-147.851638794,0,0,0,0.9946626425,0.1031805798,6
243,-8.8774328232,-147.615570068,0,0,0,0.9903224707,0.1387855411,6
244,-9.9262704849,-147.307098389,0,0,0,0.9854636788,0.1698862314,6
245,-10.9128170013,-146.897735596,0,0,0,0.9786228538,0.2056630999,6
246,-11.993927002,-146.56086731,0,0,0,0.9931223989,0.1170807853,6
247,-13.0716209412,-146.350158691,0,0,0,0.995482862,0.0949411765,6
248,-14.1504478455,-146.172607422,0,0,0,0.9964049459,0.0847181976,6
249,-15.2394266129,-145.970901489,0,0,0,0.9949271083,0.1005986631,6
250,-16.2360076904,-145.740280151,0,0,0,0.9926842451,0.1207392812,6
251,-17.2760696411,-145.443527222,0,0,0,0.9887953997,0.1492769271,6
252,-18.2470417023,-145.146026611,0,0,0,0.9854501486,0.1699647009,6
253,-19.19805336,-144.815231323,0,0,0,0.9804076552,0.1969792843,6
254,-20.2179813385,-144.388565063,0,0,0,0.9792529941,0.2026415318,6
255,-21.242559433,-144.002532959,0,0,0,0.9849890471,0.1726167798,6
256,-22.2039909363,-143.661605835,0,0,0,0.9833297729,0.1818310022,6
257,-23.2280826569,-143.268341064,0,0,0,0.9824487567,0.1865327805,6
258,-24.2742042542,-142.940216064,0,0,0,0.9851740599,0.1715579033,6
259,-25.251367569,-142.564620972,0,0,0,0.9795817137,0.2010464221,6
260,-26.2201824188,-142.129867554,0,0,0,0.9752746224,0.220996365,6
261,-27.1820049286,-141.643005371,0,0,0,0.9707667232,0.24002482,6
262,-28.0801639557,-141.156814575,0,0,0,0.9678459764,0.2515434921,6
263,-29.0228328705,-140.658706665,0,0,0,0.9687920213,0.2478749156,6
264,-29.9854049683,-140.139709473,0,0,0,0.9723346233,0.233592391,6
265,-30.950553894,-139.742645264,0,0,0,0.9806794524,0.1956217289,6
266,-31.9389877319,-139.382049561,0,0,0,0.9847103357,0.1741996109,6
267,-32.9703407288,-138.984130859,0,0,0,0.9841864109,0.1771357208,6
268,-33.993434906,-138.575180054,0,0,0,0.9782317281,0.2075155377,6
269,-34.9938316345,-138.116195679,0,0,0,0.9720082283,0.2349468172,6
270,-35.976348877,-137.633224487,0,0,0,0.9647037983,0.2633373737,6
271,-36.8450202942,-137.069824219,0,0,0,0.9517213106,0.3069633543,6
272,-37.6820030212,-136.380813599,0,0,0,0.9365248084,0.3506012559,6
273,-38.4639968872,-135.637786865,0,0,0,0.9331077337,0.3595968783,6
274,-39.2865600586,-134.901748657,0,0,0,0.9396501184,0.3421368599,6
275,-40.1088104248,-134.201034546,0,0,0,0.944259882,0.3292008936,6
276,-40.9663543701,-133.580688477,0,0,0,0.955447793,0.295160234,6
277,-41.8683929443,-132.981231689,0,0,0,0.9581787586,0.286170423,6
278,-42.7189712524,-132.397140503,0,0,0,0.9532851577,0.3020718396,6
279,-43.5788345337,-131.76385498,0,0,0,0.9449812174,0.3271246254,6
280,-44.4190826416,-131.054962158,0,0,0,0.9329980016,0.3598815203,6
281,-45.1961898804,-130.274490356,0,0,0,0.9224496484,0.3861174285,6
282,-45.8736343384,-129.526199341,0,0,0,0.9122585058,0.4096149802,6
283,-46.5414466858,-128.779373169,0,0,0,0.921399951,0.3886157274,6
284,-47.3520011902,-128.033691406,0,0,0,0.944483161,0.3285598755,6
285,-48.1692695618,-127.349761963,0,0,0,0.9320200086,0.3624068201,6
286,-48.897808075,-126.628608704,0,0,0,0.9156961441,0.4018712938,6
287,-49.5786628723,-125.825843811,0,0,0,0.8946939707,0.4466795921,6
288,-50.1658630371,-124.909812927,0,0,0,0.8688556552,0.4950654805,6
289,-50.6251144409,-124.00214386,0,0,0,0.8488240242,0.5286755562,6
290,-51.1278419495,-123.093254089,0,0,0,0.8867526054,0.4622443318,6
291,-51.694732666,-122.184745789,0,0,0,0.8881195188,0.4596125782,6
292,-52.3519058228,-121.308578491,0,0,0,0.895295918,0.4454719722,6
293,-52.9610557556,-120.386077881,0,0,0,0.8912225366,0.4535662532,6
294,-53.5998840332,-119.595855713,0,0,0,0.9213140011,0.3888193667,6
295,-54.3768463135,-118.800750732,0,0,0,0.9257898927,0.3780385256,6
296,-55.1725769043,-118.049072266,0,0,0,0.9243309498,0.3815917373,6
297,-55.9322357178,-117.289794922,0,0,0,0.9161380529,0.4008628726,6
298,-56.6403236389,-116.461868286,0,0,0,0.8991399407,0.4376612902,6
299,-57.2057189941,-115.62713623,0,0,0,0.8778706193,0.4788978398,6
300,-57.7172698975,-114.673370361,0,0,0,0.8532734513,0.5214636922,6
301,-58.0981559753,-113.728157043,0,0,0,0.8275809884,0.5613462925,6
302,-58.4108428955,-112.755332947,0,0,0,0.8107376695,0.5854096413,6
303,-58.8070068359,-111.747749329,0,0,0,0.8581236005,0.5134431124,6
304,-59.2577056885,-110.839668274,0,0,0,0.8632877469,0.5047120452,6
305,-59.7990341187,-109.931045532,0,0,0,0.879533112,0.4758376777,6
306,-60.3735466003,-109.10459137,0,0,0,0.8826817274,0.4699712992,6
307,-60.9274291992,-108.193809509,0,0,0,0.8668199778,0.4986212254,6
308,-61.4498786926,-107.238365173,0,0,0,0.8469409943,0.531686902,6
309,-61.8927192688,-106.241516113,0,0,0,0.827254951,0.5618266463,6
310,-62.2730369568,-105.24319458,0,0,0,0.853087604,0.5217677355,6
311,-62.8511962891,-104.42665863,0,0,0,0.937908411,0.3468829095,6
312,-63.3474082947,-103.520820618,0,0,0,0.8231853247,0.5677727461,6
313,-63.547580719,-102.537620544,0,0,0,0.8023889661,0.5968014002,6
314,-63.8252220154,-101.546707153,0,0,0,0.8033685088,0.5954821706,6
315,-64.1185684204,-100.525100708,0,0,0,0.8205915093,0.5715152025,6
316,-64.6301574707,-99.6009750366,0,0,0,0.8805297613,0.4739908874,6
317,-64.8513870239,-98.6015930176,0,0,0,0.7732040286,0.6341573,6
318,-64.9509429932,-97.5386428833,0,0,0,0.7774497867,0.6289450526,6
319,-65.1546630859,-96.5009765625,0,0,0,0.7506549358,0.6606944203,6
320,-65.2475357056,-95.4299316406,0,0,0,0.7655952573,0.643322587,6
321,-65.4693374634,-94.3832244873,0,0,0,0.7750005126,0.6319605708,6
322,-65.7879943848,-93.3478240967,0,0,0,0.7790821791,0.6269218326,6
323,-66.0638275146,-92.3536605835,0,0,0,0.7876633406,0.6161058545,6
324,-66.3052825928,-91.2995605469,0,0,0,0.7907488346,0.6121407151,6
325,-66.4724807739,-90.2986755371,0,0,0,0.7882454991,0.6153609157,6
326,-66.6472244263,-89.2748031616,0,0,0,0.7902072072,0.6128397584,6
327,-66.8711700439,-88.2194213867,0,0,0,0.792380631,0.6100269556,6
328,-67.1005096436,-87.1707611084,0,0,0,0.7922655344,0.6101764441,6
329,-67.2952041626,-86.1715393066,0,0,0,0.7831681371,0.6218099594,6
330,-67.4553909302,-85.0998535156,0,0,0,0.7677369118,0.6407651901,6
331,-67.6315917969,-84.1076507568,0,0,0,0.7786797285,0.6274216175,6
332,-67.8811798096,-83.1008148193,0,0,0,0.7578604817,0.6524166465,6
333,-68.1334075928,-82.0759124756,0,0,0,0.7905055285,0.6124548912,6
334,-68.4112243652,-81.0704650879,0,0,0,0.7761354446,0.6305662394,6
335,-68.7095413208,-80.1116638184,0,0,0,0.7866004705,0.617462337,6
336,-68.9411621094,-79.1240921021,0,0,0,0.7691212296,0.6391029358,6
337,-69.0854263306,-78.0691452026,0,0,0,0.7471840978,0.6646171212,6
338,-69.1684799194,-77.045753479,0,0,0,0.7332539558,0.6799548864,6
339,-69.366355896,-75.9640197754,0,0,0,0.7807798982,0.6248061657,6
340,-69.5611801147,-74.8833999634,0,0,0,0.7496392131,0.6618466973,6
341,-69.6862487793,-73.7901153564,0,0,0,0.7275035977,0.6861038804,6
342,-69.7364730835,-72.7168273926,0,0,0,0.731906414,0.681405127,6
343,-69.9320373535,-71.7082672119,0,0,0,0.7944951057,0.6072705388,6
344,-70.2080078125,-70.6866607666,0,0,0,0.7919673324,0.6105635166,6
345,-70.5157241821,-69.6740188599,0,0,0,0.7942000628,0.6076563597,6
346,-70.7978897095,-68.6237640381,0,0,0,0.7863374949,0.6177971363,6
347,-71.097869873,-67.6225585938,0,0,0,0.79575032,0.6056248546,6
348,-71.4001998901,-66.5737228394,0,0,0,0.7979514599,0.6027217507,6
349,-71.7383117676,-65.5417633057,0,0,0,0.8138378859,0.581092,6
350,-72.1117858887,-64.5532302856,0,0,0,0.8326464891,0.5538048148,6
351,-72.5869369507,-63.5684242249,0,0,0,0.8600122929,0.5102732778,6
352,-73.0420913696,-62.6248054504,0,0,0,0.8426129818,0.5385195613,6
353,-73.4775314331,-61.6692619324,0,0,0,0.8796672821,0.4755896032,6
354,-74.0237960815,-60.8273391724,0,0,0,0.8754205108,0.4833621681,6
355,-74.4878845215,-59.9388198853,0,0,0,0.8556030989,0.5176324844,6
375,-81.4384078979,-44.501159668,0,0,0,0.85748142,0.5145149231,6
376,-81.8816604614,-43.5434913635,0,0,0,0.830661118,0.5567783117,6
377,-82.2379684448,-42.5813446045,0,0,0,0.8013282418,0.5982248783,6
378,-82.5552902222,-41.6141052246,0,0,0,0.8153571486,0.5789583325,6
379,-82.9067687988,-40.6491928101,0,0,0,0.8249374628,0.5652240515,6
380,-83.3294830322,-39.7173576355,0,0,0,0.8360358477,0.5486748815,6
381,-83.7339248657,-38.7650909424,0,0,0,0.82614851,0.5634524822,6
382,-84.1243209839,-37.7713127136,0,0,0,0.8149733543,0.5794984102,6
383,-84.4367904663,-36.7248458862,0,0,0,0.7798700929,0.6259413958,6
384,-84.6149978638,-35.7146720886,0,0,0,0.7448697686,0.6672099233,6
385,-84.6991729736,-34.7037124634,0,0,0,0.7177295089,0.6963220239,6
386,-84.7802505493,-33.6691703796,0,0,0,0.7302228808,0.683209002,6
387,-84.8897323608,-32.6683044434,0,0,0,0.7281227112,0.6854467988,6
388,-85.0422973633,-31.6043167114,0,0,0,0.7725455165,0.6349593997,6
389,-85.2572174072,-30.5547866821,0,0,0,0.7576892376,0.6526155472,6
390,-85.4290466309,-29.5126628876,0,0,0,0.7593508363,0.6506814361,6
391,-85.592918396,-28.4963130951,0,0,0,0.7444065213,0.6677266955,6
392,-85.711151123,-27.4512042999,0,0,0,0.7414845228,0.6709700227,6
393,-85.843963623,-26.3628501892,0,0,0,0.7475741506,0.6641783714,6
394,-85.9922714233,-25.3676052094,0,0,0,0.7501520514,0.6612653732,6
395,-86.1258850098,-24.3029022217,0,0,0,0.7405924201,0.6719545126,6
396,-86.2286605835,-23.2550067902,0,0,0,0.7474222183,0.6643493772,6
397,-86.4107284546,-22.262386322,0,0,0,0.7672067881,0.6413998008,6
398,-86.6356735229,-21.2107181549,0,0,0,0.7860228419,0.6181975007,6
399,-86.7180709839,-20.1584262848,0,0,0,0.6919007897,0.7219926119,6
400,-86.7003326416,-19.0947589874,0,0,0,0.684042871,0.7294418216,6
401,-86.6585540771,-18.0235919952,0,0,0,0.6982622147,0.7158420682,6
402,-86.6010131836,-16.9941291809,0,0,0,0.6638252735,0.747887671,6
403,-86.5340423584,-15.9496393204,0,0,0,0.714663446,0.6994684935,6
404,-86.5615539551,-14.8829374313,0,0,0,0.6988669038,0.7152517438,6
405,-86.6017227173,-13.8057746887,0,0,0,0.7334982157,0.6796913743,6
406,-86.6736679077,-12.7630662918,0,0,0,0.7292274237,0.6842714548,6
407,-86.6882247925,-11.7034482956,0,0,0,0.6750250459,0.7377948165,6
408,-86.6870956421,-10.6753053665,0,0,0,0.694750607,0.719250679,6
409,-86.7380523682,-9.6597156525,0,0,0,0.6884903312,0.7252454758,6
410,-86.5104217529,-8.6151561737,0,0,0,0.5925942063,0.805501163,6
411,-86.0700912476,-7.6238021851,0,0,0,0.5834366679,0.8121586442,6
412,-85.6976470947,-6.6839847565,0,0,0,0.5710749626,0.8208978772,6
413,-85.3930053711,-5.7181901932,0,0,0,0.6295176744,0.7769861817,6
414,-85.3003997803,-4.6838707924,0,0,0,0.6549543142,0.7556684613,6
415,-85.1542816162,-3.6288022995,0,0,0,0.6594084501,0.7517848611,6
416,-85.0646057129,-2.6156387329,0,0,0,0.6780079603,0.7350545526,6
417,-85.0196762085,-1.6152106524,0,0,0,0.68892169,0.7248357534,6
418,-85.0389785767,-0.5989572406,0,0,0,0.7063908577,0.7078219652,6
419,-84.9910049438,0.4257950485,0,0,0,0.6995133162,0.7146195173,6
420,-84.9877243042,1.4647283554,0,0,0,0.7016841769,0.7124881148,6
421,-85.0455627441,2.4944057465,0,0,0,0.7297133803,0.6837531328,6
422,-85.2048492432,3.5507647991,0,0,0,0.7598798275,0.6500635743,6
423,-85.3927536011,4.6145129204,0,0,0,0.7380635738,0.674731195,6
424,-85.5482177734,5.6118278503,0,0,0,0.7549232841,0.655813098,6
425,-85.6469116211,6.7054281235,0,0,0,0.7204685211,0.6934876442,6
426,-85.6702346802,7.7081484795,0,0,0,0.703268826,0.7109239697,6
427,-85.7107543945,8.7233572006,0,0,0,0.7514256239,0.6598178148,6
428,-85.8788299561,9.7559394836,0,0,0,0.7477281094,0.6640049815,6
429,-86.013923645,10.8557891846,0,0,0,0.7578401566,0.6524402499,6
430,-86.2186584473,11.8390550613,0,0,0,0.781021595,0.6245040298,6
431,-86.4382781982,12.8257217407,0,0,0,0.7614565492,0.6482159495,6
432,-86.6031265259,13.8265390396,0,0,0,0.7443825603,0.6677533984,6
433,-86.7143630981,14.8930883408,0,0,0,0.726981163,0.6866574287,6
434,-86.8023223877,15.978094101,0,0,0,0.742708981,0.669614315,6
435,-87.0562210083,17.0456466675,0,0,0,0.8179136515,0.5753410459,6
436,-87.5167922974,18.0415534973,0,0,0,0.8432449102,0.5375295877,6
437,-87.9738311768,18.9728431702,0,0,0,0.8343836069,0.5511841178,6
438,-88.4112854004,19.93060112,0,0,0,0.8278089762,0.5610100627,6
439,-88.8196792603,20.9285392761,0,0,0,0.8324872255,0.5540442467,6
440,-89.1045608521,21.9198303223,0,0,0,0.8041127324,0.5944768786,6
441,-89.3679199219,22.8887081146,0,0,0,0.8132390976,0.5819296837,6
442,-89.8222045898,23.873167038,0,0,0,0.8579508662,0.5137317777,6
443,-90.329498291,24.7451572418,0,0,0,0.8691073656,0.4946234524,6
444,-90.8179092407,25.618019104,0,0,0,0.8752997518,0.4835807681,6
445,-91.4105377197,26.498090744,0,0,0,0.8770673275,0.4803675115,6
446,-92.065284729,27.3115119934,0,0,0,0.8782438636,0.4782130718,6
447,-92.6296157837,28.1890563965,0,0,0,0.8749872446,0.484145999,6
448,-93.2350082397,29.1236381531,0,0,0,0.8583043814,0.5131409168,6
449,-93.7364273071,30.0114250183,0,0,0,0.8743472099,0.4853008986,6
450,-94.303855896,30.8767662048,0,0,0,0.863634944,0.5041177273,6
451,-94.7783584595,31.7762069702,0,0,0,0.8438972235,0.5365048647,6
452,-95.1839523315,32.7015686035,0,0,0,0.8386055231,0.5447391868,6
453,-95.6625823975,33.5970420837,0,0,0,0.8830659986,0.4692487717,6
454,-96.2287368774,34.4316749573,0,0,0,0.8793699145,0.4761391878,6
455,-96.8027038574,35.2990951538,0,0,0,0.8810344338,0.4730521142,6
456,-97.3782958984,36.1185073853,0,0,0,0.8825848103,0.4701532125,6
457,-97.9604797363,36.9355545044,0,0,0,0.8847776055,0.466013521,6
458,-98.5328292847,37.7719802856,0,0,0,0.8802906871,0.4744347334,6
459,-99.1368179321,38.6977729797,0,0,0,0.8885182738,0.4588412344,6
460,-99.7696990967,39.4958648682,0,0,0,0.8965471387,0.4429483414,6
461,-100.364601135,40.3628425598,0,0,0,0.878138721,0.4784061015,6
462,-100.935119629,41.1985206604,0,0,0,0.8856086135,0.4644322693,6
463,-101.591468811,42.0740509033,0,0,0,0.8816640973,0.4718775749,6
464,-102.234199524,42.9349136353,0,0,0,0.9032133818,0.4291917682,6
465,-102.834854126,43.7688751221,0,0,0,0.895822525,0.4444119632,6
466,-103.422309875,44.5932922363,0,0,0,0.8753492236,0.4834912419,6
467,-103.97882843,45.5511817932,0,0,0,0.8650486469,0.5016880035,6
468,-104.583786011,46.4027137756,0,0,0,0.89844805,0.4390798807,6
469,-105.205848694,47.2071380615,0,0,0,0.9024074078,0.4308838248,6
470,-105.921478271,48.0252952576,0,0,0,0.910562396,0.413371712,6
471,-106.630599976,48.8306655884,0,0,0,0.9153475165,0.4026647508,6
472,-107.402740479,49.6043281555,0,0,0,0.9219065309,0.3874123096,6
473,-108.116851807,50.4441452026,0,0,0,0.8921310306,0.4517767429,6
474,-108.659286499,51.2962265015,0,0,0,0.8624097705,0.506210804,6
475,-109.119552612,52.2377815247,0,0,0,0.8518279195,0.5238216519,6
476,-109.653656006,53.1397323608,0,0,0,0.8732593656,0.4872556627,6
477,-110.175193787,54.065738678,0,0,0,0.8532360792,0.5215248466,6
478,-110.726257324,54.9910011292,0,0,0,0.8780109286,0.4786405861,6
479,-111.293754578,55.8862915039,0,0,0,0.8635805249,0.5042108893,6
480,-111.761894226,56.7850189209,0,0,0,0.8452392817,0.5343880653,6
481,-112.270439148,57.7861862183,0,0,0,0.8537210226,0.5207306147,6
482,-112.741821289,58.7573318481,0,0,0,0.8241708279,0.5663412809,6
483,-113.05091095,59.7262649536,0,0,0,0.7987338901,0.6016845107,6
484,-113.371902466,60.7009773254,0,0,0,0.8232032657,0.5677467585,6
485,-113.726715088,61.6655921936,0,0,0,0.8111054897,0.5848998427,6
486,-114.116958618,62.6715812683,0,0,0,0.8161331415,0.5778639317,6
487,-114.407592773,63.682434082,0,0,0,0.7752891183,0.6316065192,6
488,-114.589279175,64.7380752563,0,0,0,0.7445396781,0.6675782204,6
489,-114.769493103,65.7804107666,0,0,0,0.7766093612,0.6299824715,6
490,-115.031585693,66.7642745972,0,0,0,0.7795114517,0.6263879538,6
491,-115.260902405,67.8325500488,0,0,0,0.7616465688,0.6479926705,6
492,-115.446098328,68.9025878906,0,0,0,0.7619017959,0.6476925612,6
493,-115.67388916,69.9494018555,0,0,0,0.7858237624,0.6184504628,6
494,-115.923744202,70.9928436279,0,0,0,0.7725368142,0.6349699497,6
495,-116.146652222,72.0710372925,0,0,0,0.7679212093,0.6405443549,6
496,-116.335342407,73.1610336304,0,0,0,0.7462881207,0.6656230688,6
497,-116.406028748,74.2577285767,0,0,0,0.7082565427,0.7059551477,6
498,-116.361358643,75.3303222656,0,0,0,0.6645492315,0.7472444773,6
499,-116.253158569,76.3986282349,0,0,0,0.6514624953,0.7586808205,6
500,-116.106796265,77.435256958,0,0,0,0.6233969331,0.7819055319,6
501,-115.889900208,78.4803390503,0,0,0,0.6513007879,0.7588196397,6
502,-115.771202087,79.5021972656,0,0,0,0.6387868524,0.7693837285,6
503,-115.550941467,80.487159729,0,0,0,0.6249566674,0.7806594372,6
504,-115.418060303,81.5316619873,0,0,0,0.6599166393,0.7513387799,6
505,-115.291702271,82.5566635132,0,0,0,0.653440237,0.7569781542,6
506,-115.165115356,83.6031036377,0,0,0,0.6648661494,0.7469625473,6
507,-115.063659668,84.660446167,0,0,0,0.6610046029,0.7503818274,6
508,-114.928688049,85.7453536987,0,0,0,0.6524168253,0.7578603625,6
509,-114.774406433,86.7455291748,0,0,0,0.6433867216,0.7655413151,6
510,-114.569900513,87.7980651855,0,0,0,0.6210696101,0.7837554216,6
511,-114.312889099,88.7949905396,0,0,0,0.5901024342,0.807328403,6
512,-113.932388306,89.743057251,0,0,0,0.516326189,0.8563920259,6
513,-113.440826416,90.6216659546,0,0,0,0.4697042108,0.8828238249,6
514,-112.968078613,91.5224990845,0,0,0,0.5098998547,0.8602337837,6
515,-112.4842453,92.4085922241,0,0,0,0.4983987212,0.8669479489,6
516,-111.924720764,93.3325424194,0,0,0,0.4852319658,0.8743854761,6
517,-111.337165833,94.2365722656,0,0,0,0.4856853485,0.8741337061,6
518,-110.763153076,95.09324646,0,0,0,0.4663944542,0.8845768571,6
519,-110.10610199,95.9290161133,0,0,0,0.4284068346,0.9035859704,6
520,-109.455619812,96.7142028809,0,0,0,0.4118405581,0.9112558961,6
521,-108.731254578,97.5398864746,0,0,0,0.3816654086,0.9243005514,6
522,-108.029144287,98.2565155029,0,0,0,0.3627856374,0.9318726063,6
523,-107.263381958,98.9391098022,0,0,0,0.3450533748,0.938583076,6
524,-106.458976746,99.6019439697,0,0,0,0.3202208579,0.9473429322,6
525,-105.626525879,100.268318176,0,0,0,0.3070025146,0.9517086744,6
526,-104.822517395,100.890655518,0,0,0,0.2913852334,0.956605792,6
527,-103.969146729,101.507774353,0,0,0,0.2741817832,0.9616779089,6
528,-103.051254272,102.082794189,0,0,0,0.2571847439,0.9663622379,6
529,-102.107925415,102.605667114,0,0,0,0.2404412478,0.9706636667,6
530,-101.227325439,103.151168823,0,0,0,0.2817282975,0.9594942331,6
531,-100.354171753,103.784736633,0,0,0,0.2830912471,0.9590929747,6
532,-99.4537200928,104.37322998,0,0,0,0.2486492842,0.9685935974,6
533,-98.5286560059,104.805084229,0,0,0,0.1335288137,0.9910449386,6
534,-97.5085220337,105.121604919,0,0,0,0.1537376642,0.9881116748,6
535,-96.5293960571,105.522453308,0,0,0,0.2048310637,0.9787973166,6
536,-95.6165008545,106.007728577,0,0,0,0.133419171,0.9910597205,6
537,-94.6240768433,106.280075073,0,0,0,0.1231277958,0.9923908114,6
538,-93.7033157349,106.705429077,0,0,0,0.3236736655,0.9461687803,6
539,-92.9728851318,107.42779541,0,0,0,0.3622384667,0.9320854545,6
540,-92.3049316406,108.181968689,0,0,0,0.4133709669,0.9105626941,1
541,-91.7103271484,108.999107361,0,0,0,0.4877660871,0.8729743958,1
542,-91.2565231323,109.895904541,0,0,0,0.47264871,0.8812509179,1
544,-91.5074462891,109.722251892,0,0,0,0.4778166115,0.8784596324,1
546,-90.7597808838,111.349311829,0,0,0,0.1904201657,0.9817026854,1
547,-89.7506942749,111.444244385,0,0,0,-0.1063435301,0.9943294525,1
548,-88.9459228516,110.801193237,0,0,0,-0.4607813358,0.8875136971,1
549,-88.4822540283,109.896987915,0,0,0,-0.5848775506,0.811121583,1
550,-88.3023300171,108.894927979,0,0,0,-0.6977950931,0.7162974477,1
551,-88.4527206421,107.885810852,0,0,0,-0.8304728866,0.5570590496,1
552,-89.1311416626,107.11882782,0,0,0,-0.963707149,0.2669617236,1
553,-90.1232528687,106.865745544,0,0,0,-0.9990900755,0.0426503494,1
554,-91.16431427,106.794845581,0,0,0,-0.9972277284,0.0744101033,1
555,-92.1928863525,106.56943512,0,0,0,-0.9945137501,0.1046057194,1
556,-93.2248458862,106.362846375,0,0,0,-0.9967408776,0.0806698203,1
557,-94.2133102417,106.064239502,0,0,0,-0.985237062,0.1711957008,1
558,-95.1576080322,105.710121155,0,0,0,-0.9841971993,0.1770757735,1
559,-96.124961853,105.319442749,0,0,0,-0.9801485538,0.1982643753,1
560,-97.0859527588,104.861114502,0,0,0,-0.9720070362,0.234951809,1
561,-97.9550094604,104.366157532,0,0,0,-0.961794734,0.2737716734,1
562,-98.8257293701,103.731513977,0,0,0,-0.9561892748,0.2927491963,1
563,-99.681137085,103.169265747,0,0,0,-0.9645096064,0.2640476525,1
564,-100.619865417,102.661354065,0,0,0,-0.9736462832,0.2280633897,1
565,-101.578552246,102.205581665,0,0,0,-0.9731757045,0.2300632149,1
566,-102.474197388,101.750061035,0,0,0,-0.9722188711,0.234073624,1
567,-103.35534668,101.241142273,0,0,0,-0.9609386325,0.2767615914,1
568,-104.222892761,100.622749329,0,0,0,-0.9422500134,0.3349102736,1
569,-105.070129395,99.9544906616,0,0,0,-0.9563667178,0.2921689451,1
570,-105.949905396,99.3340988159,0,0,0,-0.9561427832,0.2929010391,1
571,-106.784118652,98.6281051636,0,0,0,-0.9275280833,0.3737534285,1
572,-107.477272034,97.8160018921,0,0,0,-0.9010280371,0.4337608814,1
573,-108.123176575,97.0145111084,0,0,0,-0.9199401736,0.3920587599,1
574,-108.864440918,96.2593002319,0,0,0,-0.9371171594,0.3490149677,1
575,-109.575828552,95.5201721191,0,0,0,-0.9170717597,0.3987222016,1
576,-110.179138184,94.7218856812,0,0,0,-0.8987156153,0.4385318756,1
577,-110.757125854,93.8442459106,0,0,0,-0.8649592996,0.5018420815,1
578,-111.458618164,93.1201171875,0,0,0,-0.8888791204,0.4581418037,1
579,-111.954910278,92.2236633301,0,0,0,-0.8798441291,0.4752623737,1
580,-112.485305786,91.3117523193,0,0,0,-0.8754607439,0.483289212,1
581,-113.025733948,90.4012680054,0,0,0,-0.8689758182,0.4948545992,1
582,-113.518157959,89.5296478271,0,0,0,-0.861980021,0.5069422126,1
583,-114.002502441,88.5760955811,0,0,0,-0.856153369,0.5167217255,1
584,-114.47769165,87.6558227539,0,0,0,-0.8707581162,0.4917116463,1
595,-114.781089783,79.3837966919,0,0,0,-0.6449503303,0.7642244697,1
596,-114.877693176,78.3545761108,0,0,0,-0.7373851538,0.6754725575,1
597,-114.904251099,77.3291931152,0,0,0,-0.6436905265,0.7652859092,1
598,-114.879272461,76.3185119629,0,0,0,-0.7540227175,0.6568483114,1
599,-115.033042908,75.3183441162,0,0,0,-0.7711572647,0.6366446614,1
600,-115.162612915,74.3180770874,0,0,0,-0.7215816379,0.6923293471,1
601,-114.883995056,68.8529968262,0,0,0,-0.6453325748,0.7639017105,1
602,-114.733787537,67.856086731,0,0,0,-0.6200854182,0.7845342755,1
603,-114.470619202,66.8447113037,0,0,0,-0.6432445645,0.7656607628,1
604,-114.262390137,65.8471603394,0,0,0,-0.6213255525,0.7835525274,1
605,-114.018325806,64.8617095947,0,0,0,-0.6290123463,0.777395308,1
606,-113.754501343,63.8233451843,0,0,0,-0.6397805214,0.7685576677,1
607,-113.534324646,62.7720909119,0,0,0,-0.6167587042,0.7871522903,1
608,-113.205657959,61.7859115601,0,0,0,-0.5633921027,0.8261896968,1
609,-112.751625061,60.8010215759,0,0,0,-0.5332741141,0.8459424973,1
610,-112.283447266,59.8536109924,0,0,0,-0.54512465,0.8383550048,1
611,-111.825965881,58.8814735413,0,0,0,-0.538008213,0.8429395556,1
612,-111.401618958,57.9095115662,0,0,0,-0.5520697832,0.8337978721,1
613,-110.961624146,56.9777183533,0,0,0,-0.5394480824,0.8420189023,1
614,-110.47668457,56.0365829468,0,0,0,-0.5200608373,0.8541291952,1
615,-109.93825531,55.1023178101,0,0,0,-0.5030053854,0.8642832637,1
616,-109.432571411,54.2286987305,0,0,0,-0.5081430674,0.8612726927,1
617,-108.940391541,53.3547554016,0,0,0,-0.5168184042,0.8560950756,1
618,-108.441123962,52.4340400696,0,0,0,-0.520375669,0.8539374471,1
619,-107.909828186,51.528842926,0,0,0,-0.5153383613,0.8569868207,1
620,-107.387199402,50.5831565857,0,0,0,-0.4963464141,0.8681245446,1
621,-106.791511536,49.696937561,0,0,0,-0.4610460997,0.8873761892,1
622,-106.150856018,48.8609580994,0,0,0,-0.4236417413,0.9058298469,1
623,-105.481910706,48.112991333,0,0,0,-0.3992106318,0.9168592691,1
624,-104.685920715,47.3675956726,0,0,0,-0.3742291927,0.9273362756,1
625,-103.937438965,46.6600723267,0,0,0,-0.4005084336,0.9162930846,1
626,-103.231124878,45.947101593,0,0,0,-0.3865864575,0.9222531915,1
627,-102.423240662,45.2487068176,0,0,0,-0.351206243,0.9362981319,1
628,-101.573432922,44.5667419434,0,0,0,-0.3307235241,0.9437276721,1
629,-100.800178528,43.89453125,0,0,0,-0.3735538125,0.92760849,1
630,-100.075263977,43.1600646973,0,0,0,-0.4175485373,0.9086546302,1
631,-99.4095077515,42.3214912415,0,0,0,-0.4689528644,0.883223176,1
632,-98.8514785767,41.4192008972,0,0,0,-0.4996483922,0.8662282825,1
633,-98.31665802,40.525844574,0,0,0,-0.4984619021,0.8669115901,1
634,-97.7635650635,39.6702232361,0,0,0,-0.5039187074,0.8637511134,1
635,-97.229347229,38.7348518372,0,0,0,-0.5031209588,0.8642160296,1
636,-96.7261734009,37.8506851196,0,0,0,-0.5170614123,0.855948329,1
637,-96.2892684937,36.9348716736,0,0,0,-0.5636039376,0.8260451555,1
638,-95.8943481445,35.9415397644,0,0,0,-0.554558754,0.8321445584,1
639,-95.4609222412,34.9831199646,0,0,0,-0.5405933857,0.8412840366,1
640,-94.9969940186,34.0407485962,0,0,0,-0.5251308084,0.8510215282,1
641,-94.5073852539,33.118927002,0,0,0,-0.5126149058,0.8586186171,1
642,-93.9660949707,32.2317047119,0,0,0,-0.4973531961,0.8675481677,1
643,-93.3669662476,31.3320846558,0,0,0,-0.4689352512,0.8832325339,1
644,-92.7760620117,30.4948997498,0,0,0,-0.4624345303,0.8866534233,1
645,-92.192199707,29.6378822327,0,0,0,-0.465406239,0.8850972056,1
646,-91.5805282593,28.7902126312,0,0,0,-0.4733378589,0.8808809519,1
647,-91.0373458862,27.939207077,0,0,0,-0.5054752827,0.8628411293,1
648,-90.5015792847,26.9808139801,0,0,0,-0.5206215978,0.8537875414,1
649,-90.0063934326,26.08070755,0,0,0,-0.5140067935,0.857786119,1
650,-89.4741134644,25.1579532623,0,0,0,-0.5255063176,0.8507897258,1
651,-89.0102996826,24.1931400299,0,0,0,-0.5542255044,0.8323665857,1
652,-88.4863586426,23.2897949219,0,0,0,-0.5212076306,0.8534299135,1
653,-87.8639373779,22.4273929596,0,0,0,-0.4822106063,0.8760553002,1
654,-87.2323379517,21.5809574127,0,0,0,-0.4539325535,0.8910360336,1
655,-86.6658554077,20.7010326385,0,0,0,-0.498293072,0.8670086265,1
656,-86.2437820435,19.7759590149,0,0,0,-0.5109906793,0.8595862389,1
659,-85.9217529297,16.490272522,0,0,0,-0.6061342359,0.7953623533,1
660,-85.6587295532,15.493976593,0,0,0,-0.6536362171,0.756808877,1
661,-85.492805481,14.4868869781,0,0,0,-0.6620683074,0.7494434714,1
662,-85.4010162354,13.4775953293,0,0,0,-0.6758955121,0.7369974852,1
663,-85.3213806152,12.4678668976,0,0,0,-0.6869841814,0.726672411,1
664,-85.2636032104,11.4655971527,0,0,0,-0.6944102645,0.7195792794,1
665,-85.2201690674,10.4280052185,0,0,0,-0.6911045313,0.7227548361,1
666,-85.0986404419,9.400349617,0,0,0,-0.6801739335,0.7330507636,1
667,-84.9133224487,8.3337059021,0,0,0,-0.687133193,0.7265315056,1
668,-84.8166809082,7.2925300598,0,0,0,-0.7214584947,0.6924576759,1
669,-84.7985534668,6.2168793678,0,0,0,-0.7041170597,0.7100839019,1
670,-84.7303695679,5.1391263008,0,0,0,-0.6836188436,0.7298392057,1
671,-84.6160888672,4.1454644203,0,0,0,-0.6726348996,0.7399745584,1
672,-84.4934997559,3.114541769,0,0,0,-0.6522200108,0.7580296993,1
673,-84.3055267334,2.0804450512,0,0,0,-0.6447537541,0.7643903494,1
674,-84.1247177124,1.0186579227,0,0,0,-0.6555860043,0.7551205158,1
675,-84.0214691162,-0.0288537033,0,0,0,-0.6853470206,0.7282165885,1
676,-84.0373535156,-1.0846297741,0,0,0,-0.7344585657,0.6786535382,1
677,-84.1738815308,-2.1232903004,0,0,0,-0.7726624012,0.6348171234,1
678,-84.3662109375,-3.1601269245,0,0,0,-0.7885189056,0.6150105,1
679,-84.6636734009,-4.143488884,0,0,0,-0.7898555994,0.6132928133,1
680,-84.8813400269,-5.1396126747,0,0,0,-0.7673488855,0.6412298083,1
681,-85.0429382324,-6.1676239967,0,0,0,-0.7475938201,0.6641561985,1
682,-85.1172637939,-7.1667518616,0,0,0,-0.7152875662,0.6988302469,1
683,-85.1095199585,-8.210226059,0,0,0,-0.7045381665,0.7096660733,1
684,-85.0975341797,-9.2515096664,0,0,0,-0.7215471268,0.6923653483,1
685,-85.1303863525,-10.2569828033,0,0,0,-0.7348065376,0.6782767773,1
686,-85.2383270264,-11.3027029037,0,0,0,-0.7382340431,0.674544692,1
687,-85.2198028564,-12.3643331528,0,0,0,-0.7008793354,0.7132798433,1
688,-85.2445602417,-13.3820295334,0,0,0,-0.7151337862,0.6989876032,1
689,-85.2666320801,-14.413022995,0,0,0,-0.7079305649,0.7062820792,1
690,-85.3232803345,-15.4718341827,0,0,0,-0.7271991968,0.6864264607,1
691,-85.3553466797,-16.515707016,0,0,0,-0.7220397592,0.6918515563,1
692,-85.3523025513,-17.5921497345,0,0,0,-0.7116596103,0.7025244832,1
693,-85.339805603,-18.629201889,0,0,0,-0.6990563869,0.7150665522,1
694,-85.2955627441,-19.6682472229,0,0,0,-0.6944269538,0.7195632458,1
695,-85.2330093384,-20.6848964691,0,0,0,-0.7024028897,0.7117795348,1
696,-85.2509765625,-21.7175865173,0,0,0,-0.724098444,0.6896966696,1
697,-85.2568817139,-22.7951660156,0,0,0,-0.7057362795,0.7084746361,1
698,-85.2208709717,-23.8451576233,0,0,0,-0.6961877942,0.717859745,1
699,-85.155090332,-24.9210205078,0,0,0,-0.6859858036,0.7276149392,1
700,-85.0879364014,-25.9870204926,0,0,0,-0.7085724473,0.705638051,1
701,-85.0107879639,-27.0368003845,0,0,0,-0.7358059883,0.67719239,1
705,-84.3380508423,-29.0433921814,0,0,0,-0.6950269938,0.7189836502,1
706,-84.2336273193,-30.0748100281,0,0,0,-0.6724658608,0.7401281595,1
707,-84.1186141968,-31.1030406952,0,0,0,-0.6843875051,0.7291184664,1
708,-84.0783081055,-32.1070556641,0,0,0,-0.7077695131,0.706443429,1
709,-84.1047668457,-33.1324119568,0,0,0,-0.7241609693,0.6896309257,1
710,-84.1375350952,-34.1452484131,0,0,0,-0.6933972836,0.7205554843,1
711,-83.9694213867,-35.1922988892,0,0,0,-0.6222948432,0.7827829719,1
712,-83.7044906616,-36.2355155945,0,0,0,-0.6212994456,0.7835732102,1
713,-83.4365539551,-37.2809143066,0,0,0,-0.6220083833,0.783010602,1
714,-83.1640090942,-38.2934799194,0,0,0,-0.6232936382,0.7819878459,1
715,-82.90599823,-39.3165359497,0,0,0,-0.6276971698,0.778457582,1
716,-82.653968811,-40.3272514343,0,0,0,-0.6049923897,0.7962312698,1
717,-82.3213119507,-41.273651123,0,0,0,-0.5578910112,0.8299142122,1
718,-81.8493118286,-42.1649703979,0,0,0,-0.5125598311,0.8586515188,1
719,-81.2960586548,-43.0126609802,0,0,0,-0.4699437022,0.8826963902,1
720,-80.5845108032,-43.7764434814,0,0,0,-0.3620378077,0.9321634173,1
721,-79.7228317261,-44.3518638611,0,0,0,-0.2424846292,0.9701552391,1
722,-78.7470397949,-44.7009010315,0,0,0,-0.1088490039,0.994058311,1
723,-77.7365036011,-44.770198822,0,0,0,0.0387954973,0.9992471933,1
724,-76.7398071289,-44.4821510315,0,0,0,0.2353465259,0.9719115496,1
725,-75.8324966431,-43.9434547424,0,0,0,0.2798041105,0.9600571394,1
726,-74.9710617065,-43.3244171143,0,0,0,0.3026324213,0.953107357,1
727,-74.1214599609,-42.7449111938,0,0,0,0.2777970731,0.9606397748,1
728,-73.2417907715,-42.2288894653,0,0,0,0.2329466939,0.9724894762,1
729,-72.3073577881,-41.7359619141,0,0,0,0.2605926991,0.9654488564,1
730,-71.439201355,-41.2068481445,0,0,0,0.2631601393,0.9647521377,1
731,-70.5557250977,-40.6698074341,0,0,0,0.2615860999,0.9651801586,1
732,-69.6511535645,-40.1379623413,0,0,0,0.2541620433,0.9671616554,1
733,-68.7548599243,-39.6745071411,0,0,0,0.2215312123,0.9751532674,1
734,-67.8226394653,-39.2509231567,0,0,0,0.192488417,0.9812992215,1
735,-66.911315918,-38.8043403625,0,0,0,0.2281688154,0.9736216068,1
736,-65.9872970581,-38.2844161987,0,0,0,0.2602688074,0.9655361772,1
737,-65.1321868896,-37.7254257202,0,0,0,0.2760997713,0.9611289501,1
738,-64.284942627,-37.1658325195,0,0,0,0.2784084976,0.960462749,1
739,-63.4452934265,-36.6028862,0,0,0,0.2864604294,0.9580920935,1
740,-62.5743141174,-35.9991760254,0,0,0,0.2822763622,0.9593331218,1
741,-61.7138252258,-35.4308624268,0,0,0,0.2755727172,0.9612802267,1
742,-60.8242950439,-34.8695907593,0,0,0,0.2583649755,0.9660474062,1
743,-59.9203720093,-34.3150672913,0,0,0,0.2377896011,0.9713166952,1
744,-59.0254135132,-33.825012207,0,0,0,0.2344038785,0.9721392989,1
745,-58.1190910339,-33.3479118347,0,0,0,0.2090788037,0.9778987765,1
746,-57.2139892578,-32.9177284241,0,0,0,0.2140095234,0.9768315554,1
747,-56.2567825317,-32.4522628784,0,0,0,0.230169937,0.9731504321,1
748,-55.3594589233,-31.9843139648,0,0,0,0.2271626294,0.9738568068,1
749,-54.5105323792,-31.3971672058,0,0,0,0.2479185164,0.9687808752,1
750,-53.6809692383,-30.8169975281,0,0,0,0.2756214738,0.9612662196,1
751,-52.8591384888,-30.2394351959,0,0,0,0.2989486158,0.9542692304,1
752,-52.0116539001,-29.6337375641,0,0,0,0.3008867502,0.9536598921,1
753,-51.1698226929,-28.9673423767,0,0,0,0.3159913421,0.9487620592,1
754,-50.3395614624,-28.354352951,0,0,0,0.3078741431,0.9514271021,1
755,-49.5359573364,-27.7580013275,0,0,0,0.3081034422,0.9513528943,1
756,-48.6837654114,-27.1890716553,0,0,0,0.2987059355,0.9543452263,1
757,-47.8450431824,-26.6101379395,0,0,0,0.2938216031,0.9558602571,1
758,-46.9781837463,-26.0643863678,0,0,0,0.2737948895,0.9617881179,1
759,-46.0303993225,-25.6405467987,0,0,0,0.2356519699,0.9718375206,1
777,-36.840965271,-18.7425479889,0,0,0,0.1922176927,0.9813523293,1
778,-35.9313163757,-18.2767162323,0,0,0,0.2886714041,0.9574282169,1
779,-35.1318893433,-17.6537570953,0,0,0,0.341658771,0.9398241043,1
780,-34.3673934937,-16.9832286835,0,0,0,0.3580364585,0.9337075949,1
781,-33.614654541,-16.2862319946,0,0,0,0.3813441396,0.9244331717,1
782,-32.9038696289,-15.5355854034,0,0,0,0.3995586038,0.9167076349,1
783,-32.2413291931,-14.7816963196,0,0,0,0.3197571337,0.9474995136,2
784,-31.7077293396,-13.8775529861,0,0,0,0.3176766336,0.9481990933,2
785,-31.0641460419,-13.0866956711,0,0,0,0.2880405784,0.9576181769,2
786,-30.3686275482,-12.3493947983,0,0,0,0.2572015226,0.9663577676,2
787,-29.5564289093,-11.7599010468,0,0,0,0.3636597097,0.9315318465,2
788,-28.8020019531,-11.0637598038,0,0,0,0.3775224686,0.9260004163,2
789,-27.9811954498,-10.402557373,0,0,0,0.3936728239,0.9192506075,2
790,-27.2153720856,-9.7158737183,0,0,0,0.3615320027,0.9323596954,2
791,-26.40483284,-9.103509903,0,0,0,0.355339855,0.9347372055,2
792,-25.6267204285,-8.4383430481,0,0,0,0.3532435,0.9355314374,2
793,-24.8762989044,-7.7494359016,0,0,0,0.3560397029,0.9344708323,2
794,-24.1426963806,-7.0400657654,0,0,0,0.3634788692,0.9316024184,2
795,-23.3801689148,-6.3621258736,0,0,0,0.3264660537,0.9452089071,2
796,-22.5388278961,-5.770339489,0,0,0,0.305767715,0.9521061182,2
797,-21.7078418732,-5.1885643005,0,0,0,0.2976654768,0.9546702504,2
798,-20.8236694336,-4.6431002617,0,0,0,0.2901945412,0.9569676518,2
799,-20.0211772919,-4.0185751915,0,0,0,0.3157882392,0.9488297105,2
800,-19.2163410187,-3.384824276,0,0,0,0.3589696586,0.9333492517,2
801,-18.4734554291,-2.6923434734,0,0,0,0.329485476,0.9441606402,2
802,-17.6191234589,-2.090703249,0,0,0,0.2655269504,0.9641034603,2
803,-16.6899414062,-1.6480045319,0,0,0,0.1310188174,0.9913798571,2
804,-15.6717777252,-1.4426574707,0,0,0,0.0209694561,0.9997801185,2
805,-14.6631698608,-1.4663338661,0,0,0,-0.1083799079,0.994109571,2
806,-13.6745176315,-1.816218257,0,0,0,-0.2293666601,0.9733400941,2
807,-12.8129110336,-2.4033718109,0,0,0,-0.3373377025,0.9413837194,2
808,-12.0922698975,-3.1485905647,0,0,0,-0.4611435831,0.8873255253,2
809,-11.632818222,-4.0424671173,0,0,0,-0.5604149103,0.8282119632,2
810,-11.4052276611,-5.0268144608,0,0,0,-0.6702522635,0.742133379,2
811,-11.4640398026,-6.05996418,0,0,0,-0.7333450317,0.679856658,2
812,-11.5111703873,-7.0806932449,0,0,0,-0.731154263,0.6822121739,2
813,-11.6399507523,-8.1092729569,0,0,0,-0.7583371401,0.6518625021,2
814,-11.8147668839,-9.096282959,0,0,0,-0.7801377177,0.6256077886,2
815,-12.0522575378,-10.0980882645,0,0,0,-0.7832022905,0.6217669249,2
816,-12.2616033554,-11.0771827698,0,0,0,-0.7690786123,0.6391541958,2
817,-12.46205616,-12.0912666321,0,0,0,-0.7543670535,0.6564528942,2
818,-12.5580358505,-13.0903930664,0,0,0,-0.7383397222,0.6744289994,2
819,-12.8022537231,-14.0647258759,0,0,0,-0.7404384017,0.672124207,2
